claim_id,instance_id,noise_regime,delta,p1_expected_cut,p2_expected_cut,margin,preserves_direction
L3-C1,er_n8_p0.2_seed0,ideal,0.0,0.0009765625,0.51171875,0.5107421875,1
L3-C2,er_n8_p0.2_seed0,ideal,0.01,0.0009765625,0.51171875,0.5107421875,1
L3-C3,er_n8_p0.2_seed0,ideal,0.05,0.0009765625,0.51171875,0.5107421875,1
L3-C1,er_n8_p0.2_seed0,depol-low,0.0,0.0244140625,0.5166015625,0.4921875,1
L3-C2,er_n8_p0.2_seed0,depol-low,0.01,0.0244140625,0.5166015625,0.4921875,1
L3-C3,er_n8_p0.2_seed0,depol-low,0.05,0.0244140625,0.5166015625,0.4921875,1
L3-C1,er_n8_p0.2_seed0,depol-medium,0.0,0.0400390625,0.5107421875,0.470703125,1
L3-C2,er_n8_p0.2_seed0,depol-medium,0.01,0.0400390625,0.5107421875,0.470703125,1
L3-C3,er_n8_p0.2_seed0,depol-medium,0.05,0.0400390625,0.5107421875,0.470703125,1
L3-C1,er_n8_p0.2_seed0,depol-high,0.0,0.099609375,0.5009765625,0.4013671875,1
L3-C2,er_n8_p0.2_seed0,depol-high,0.01,0.099609375,0.5009765625,0.4013671875,1
L3-C3,er_n8_p0.2_seed0,depol-high,0.05,0.099609375,0.5009765625,0.4013671875,1
L3-C1,er_n8_p0.2_seed0,readout-heavy,0.0,0.1328125,0.5,0.3671875,1
L3-C2,er_n8_p0.2_seed0,readout-heavy,0.01,0.1328125,0.5,0.3671875,1
L3-C3,er_n8_p0.2_seed0,readout-heavy,0.05,0.1328125,0.5,0.3671875,1
L3-C1,er_n8_p0.2_seed0,two-qubit-heavy,0.0,0.0576171875,0.5078125,0.4501953125,1
L3-C2,er_n8_p0.2_seed0,two-qubit-heavy,0.01,0.0576171875,0.5078125,0.4501953125,1
L3-C3,er_n8_p0.2_seed0,two-qubit-heavy,0.05,0.0576171875,0.5078125,0.4501953125,1
L3-C1,er_n8_p0.2_seed1,ideal,0.0,2.240234375,2.7734375,0.533203125,1
L3-C2,er_n8_p0.2_seed1,ideal,0.01,2.240234375,2.7734375,0.533203125,1
L3-C3,er_n8_p0.2_seed1,ideal,0.05,2.240234375,2.7734375,0.533203125,1
L3-C1,er_n8_p0.2_seed1,depol-low,0.0,2.3115234375,2.8154296875,0.50390625,1
L3-C2,er_n8_p0.2_seed1,depol-low,0.01,2.3115234375,2.8154296875,0.50390625,1
L3-C3,er_n8_p0.2_seed1,depol-low,0.05,2.3115234375,2.8154296875,0.50390625,1
L3-C1,er_n8_p0.2_seed1,depol-medium,0.0,2.35546875,2.8525390625,0.4970703125,1
L3-C2,er_n8_p0.2_seed1,depol-medium,0.01,2.35546875,2.8525390625,0.4970703125,1
L3-C3,er_n8_p0.2_seed1,depol-medium,0.05,2.35546875,2.8525390625,0.4970703125,1
L3-C1,er_n8_p0.2_seed1,depol-high,0.0,2.578125,3.001953125,0.423828125,1
L3-C2,er_n8_p0.2_seed1,depol-high,0.01,2.578125,3.001953125,0.423828125,1
L3-C3,er_n8_p0.2_seed1,depol-high,0.05,2.578125,3.001953125,0.423828125,1
L3-C1,er_n8_p0.2_seed1,readout-heavy,0.0,2.6259765625,2.9697265625,0.34375,1
L3-C2,er_n8_p0.2_seed1,readout-heavy,0.01,2.6259765625,2.9697265625,0.34375,1
L3-C3,er_n8_p0.2_seed1,readout-heavy,0.05,2.6259765625,2.9697265625,0.34375,1
L3-C1,er_n8_p0.2_seed1,two-qubit-heavy,0.0,2.45703125,2.93359375,0.4765625,1
L3-C2,er_n8_p0.2_seed1,two-qubit-heavy,0.01,2.45703125,2.93359375,0.4765625,1
L3-C3,er_n8_p0.2_seed1,two-qubit-heavy,0.05,2.45703125,2.93359375,0.4765625,1
L3-C1,er_n8_p0.2_seed2,ideal,0.0,1.7265625,1.7197265625,-0.0068359375,0
L3-C2,er_n8_p0.2_seed2,ideal,0.01,1.7265625,1.7197265625,-0.0068359375,0
L3-C3,er_n8_p0.2_seed2,ideal,0.05,1.7265625,1.7197265625,-0.0068359375,0
L3-C1,er_n8_p0.2_seed2,depol-low,0.0,1.7587890625,1.783203125,0.0244140625,1
L3-C2,er_n8_p0.2_seed2,depol-low,0.01,1.7587890625,1.783203125,0.0244140625,1
L3-C3,er_n8_p0.2_seed2,depol-low,0.05,1.7587890625,1.783203125,0.0244140625,0
L3-C1,er_n8_p0.2_seed2,depol-medium,0.0,1.771484375,1.7841796875,0.0126953125,1
L3-C2,er_n8_p0.2_seed2,depol-medium,0.01,1.771484375,1.7841796875,0.0126953125,1
L3-C3,er_n8_p0.2_seed2,depol-medium,0.05,1.771484375,1.7841796875,0.0126953125,0
L3-C1,er_n8_p0.2_seed2,depol-high,0.0,1.9228515625,1.935546875,0.0126953125,1
L3-C2,er_n8_p0.2_seed2,depol-high,0.01,1.9228515625,1.935546875,0.0126953125,1
L3-C3,er_n8_p0.2_seed2,depol-high,0.05,1.9228515625,1.935546875,0.0126953125,0
L3-C1,er_n8_p0.2_seed2,readout-heavy,0.0,1.9541015625,1.955078125,0.0009765625,1
L3-C2,er_n8_p0.2_seed2,readout-heavy,0.01,1.9541015625,1.955078125,0.0009765625,0
L3-C3,er_n8_p0.2_seed2,readout-heavy,0.05,1.9541015625,1.955078125,0.0009765625,0
L3-C1,er_n8_p0.2_seed2,two-qubit-heavy,0.0,1.8203125,1.9150390625,0.0947265625,1
L3-C2,er_n8_p0.2_seed2,two-qubit-heavy,0.01,1.8203125,1.9150390625,0.0947265625,1
L3-C3,er_n8_p0.2_seed2,two-qubit-heavy,0.05,1.8203125,1.9150390625,0.0947265625,1
L3-C1,er_n8_p0.2_seed3,ideal,0.0,2.03125,1.7373046875,-0.2939453125,0
L3-C2,er_n8_p0.2_seed3,ideal,0.01,2.03125,1.7373046875,-0.2939453125,0
L3-C3,er_n8_p0.2_seed3,ideal,0.05,2.03125,1.7373046875,-0.2939453125,0
L3-C1,er_n8_p0.2_seed3,depol-low,0.0,2.0634765625,1.79296875,-0.2705078125,0
L3-C2,er_n8_p0.2_seed3,depol-low,0.01,2.0634765625,1.79296875,-0.2705078125,0
L3-C3,er_n8_p0.2_seed3,depol-low,0.05,2.0634765625,1.79296875,-0.2705078125,0
L3-C1,er_n8_p0.2_seed3,depol-medium,0.0,2.0830078125,1.861328125,-0.2216796875,0
L3-C2,er_n8_p0.2_seed3,depol-medium,0.01,2.0830078125,1.861328125,-0.2216796875,0
L3-C3,er_n8_p0.2_seed3,depol-medium,0.05,2.0830078125,1.861328125,-0.2216796875,0
L3-C1,er_n8_p0.2_seed3,depol-high,0.0,2.1328125,1.931640625,-0.201171875,0
L3-C2,er_n8_p0.2_seed3,depol-high,0.01,2.1328125,1.931640625,-0.201171875,0
L3-C3,er_n8_p0.2_seed3,depol-high,0.05,2.1328125,1.931640625,-0.201171875,0
L3-C1,er_n8_p0.2_seed3,readout-heavy,0.0,2.15625,1.966796875,-0.189453125,0
L3-C2,er_n8_p0.2_seed3,readout-heavy,0.01,2.15625,1.966796875,-0.189453125,0
L3-C3,er_n8_p0.2_seed3,readout-heavy,0.05,2.15625,1.966796875,-0.189453125,0
L3-C1,er_n8_p0.2_seed3,two-qubit-heavy,0.0,2.0966796875,1.9794921875,-0.1171875,0
L3-C2,er_n8_p0.2_seed3,two-qubit-heavy,0.01,2.0966796875,1.9794921875,-0.1171875,0
L3-C3,er_n8_p0.2_seed3,two-qubit-heavy,0.05,2.0966796875,1.9794921875,-0.1171875,0
L3-C1,er_n8_p0.2_seed4,ideal,0.0,2.4814453125,3.4541015625,0.97265625,1
L3-C2,er_n8_p0.2_seed4,ideal,0.01,2.4814453125,3.4541015625,0.97265625,1
L3-C3,er_n8_p0.2_seed4,ideal,0.05,2.4814453125,3.4541015625,0.97265625,1
L3-C1,er_n8_p0.2_seed4,depol-low,0.0,2.5439453125,3.4619140625,0.91796875,1
L3-C2,er_n8_p0.2_seed4,depol-low,0.01,2.5439453125,3.4619140625,0.91796875,1
L3-C3,er_n8_p0.2_seed4,depol-low,0.05,2.5439453125,3.4619140625,0.91796875,1
L3-C1,er_n8_p0.2_seed4,depol-medium,0.0,2.5732421875,3.451171875,0.8779296875,1
L3-C2,er_n8_p0.2_seed4,depol-medium,0.01,2.5732421875,3.451171875,0.8779296875,1
L3-C3,er_n8_p0.2_seed4,depol-medium,0.05,2.5732421875,3.451171875,0.8779296875,1
L3-C1,er_n8_p0.2_seed4,depol-high,0.0,2.732421875,3.4423828125,0.7099609375,1
L3-C2,er_n8_p0.2_seed4,depol-high,0.01,2.732421875,3.4423828125,0.7099609375,1
L3-C3,er_n8_p0.2_seed4,depol-high,0.05,2.732421875,3.4423828125,0.7099609375,1
L3-C1,er_n8_p0.2_seed4,readout-heavy,0.0,2.7958984375,3.5166015625,0.720703125,1
L3-C2,er_n8_p0.2_seed4,readout-heavy,0.01,2.7958984375,3.5166015625,0.720703125,1
L3-C3,er_n8_p0.2_seed4,readout-heavy,0.05,2.7958984375,3.5166015625,0.720703125,1
L3-C1,er_n8_p0.2_seed4,two-qubit-heavy,0.0,2.630859375,3.453125,0.822265625,1
L3-C2,er_n8_p0.2_seed4,two-qubit-heavy,0.01,2.630859375,3.453125,0.822265625,1
L3-C3,er_n8_p0.2_seed4,two-qubit-heavy,0.05,2.630859375,3.453125,0.822265625,1
L3-C1,er_n8_p0.3_seed0,ideal,0.0,0.4912109375,1.3349609375,0.84375,1
L3-C2,er_n8_p0.3_seed0,ideal,0.01,0.4912109375,1.3349609375,0.84375,1
L3-C3,er_n8_p0.3_seed0,ideal,0.05,0.4912109375,1.3349609375,0.84375,1
L3-C1,er_n8_p0.3_seed0,depol-low,0.0,0.5576171875,1.3740234375,0.81640625,1
L3-C2,er_n8_p0.3_seed0,depol-low,0.01,0.5576171875,1.3740234375,0.81640625,1
L3-C3,er_n8_p0.3_seed0,depol-low,0.05,0.5576171875,1.3740234375,0.81640625,1
L3-C1,er_n8_p0.3_seed0,depol-medium,0.0,0.6103515625,1.40625,0.7958984375,1
L3-C2,er_n8_p0.3_seed0,depol-medium,0.01,0.6103515625,1.40625,0.7958984375,1
L3-C3,er_n8_p0.3_seed0,depol-medium,0.05,0.6103515625,1.40625,0.7958984375,1
L3-C1,er_n8_p0.3_seed0,depol-high,0.0,0.8134765625,1.5234375,0.7099609375,1
L3-C2,er_n8_p0.3_seed0,depol-high,0.01,0.8134765625,1.5234375,0.7099609375,1
L3-C3,er_n8_p0.3_seed0,depol-high,0.05,0.8134765625,1.5234375,0.7099609375,1
L3-C1,er_n8_p0.3_seed0,readout-heavy,0.0,0.92578125,1.5126953125,0.5869140625,1
L3-C2,er_n8_p0.3_seed0,readout-heavy,0.01,0.92578125,1.5126953125,0.5869140625,1
L3-C3,er_n8_p0.3_seed0,readout-heavy,0.05,0.92578125,1.5126953125,0.5869140625,1
L3-C1,er_n8_p0.3_seed0,two-qubit-heavy,0.0,0.666015625,1.4970703125,0.8310546875,1
L3-C2,er_n8_p0.3_seed0,two-qubit-heavy,0.01,0.666015625,1.4970703125,0.8310546875,1
L3-C3,er_n8_p0.3_seed0,two-qubit-heavy,0.05,0.666015625,1.4970703125,0.8310546875,1
L3-C1,er_n8_p0.3_seed1,ideal,0.0,5.6640625,5.1943359375,-0.4697265625,0
L3-C2,er_n8_p0.3_seed1,ideal,0.01,5.6640625,5.1943359375,-0.4697265625,0
L3-C3,er_n8_p0.3_seed1,ideal,0.05,5.6640625,5.1943359375,-0.4697265625,0
L3-C1,er_n8_p0.3_seed1,depol-low,0.0,5.689453125,5.265625,-0.423828125,0
L3-C2,er_n8_p0.3_seed1,depol-low,0.01,5.689453125,5.265625,-0.423828125,0
L3-C3,er_n8_p0.3_seed1,depol-low,0.05,5.689453125,5.265625,-0.423828125,0
L3-C1,er_n8_p0.3_seed1,depol-medium,0.0,5.6826171875,5.2744140625,-0.408203125,0
L3-C2,er_n8_p0.3_seed1,depol-medium,0.01,5.6826171875,5.2744140625,-0.408203125,0
L3-C3,er_n8_p0.3_seed1,depol-medium,0.05,5.6826171875,5.2744140625,-0.408203125,0
L3-C1,er_n8_p0.3_seed1,depol-high,0.0,5.6875,5.3759765625,-0.3115234375,0
L3-C2,er_n8_p0.3_seed1,depol-high,0.01,5.6875,5.3759765625,-0.3115234375,0
L3-C3,er_n8_p0.3_seed1,depol-high,0.05,5.6875,5.3759765625,-0.3115234375,0
L3-C1,er_n8_p0.3_seed1,readout-heavy,0.0,5.6640625,5.3486328125,-0.3154296875,0
L3-C2,er_n8_p0.3_seed1,readout-heavy,0.01,5.6640625,5.3486328125,-0.3154296875,0
L3-C3,er_n8_p0.3_seed1,readout-heavy,0.05,5.6640625,5.3486328125,-0.3154296875,0
L3-C1,er_n8_p0.3_seed1,two-qubit-heavy,0.0,5.669921875,5.38671875,-0.283203125,0
L3-C2,er_n8_p0.3_seed1,two-qubit-heavy,0.01,5.669921875,5.38671875,-0.283203125,0
L3-C3,er_n8_p0.3_seed1,two-qubit-heavy,0.05,5.669921875,5.38671875,-0.283203125,0
L3-C1,er_n8_p0.3_seed2,ideal,0.0,2.0185546875,1.8857421875,-0.1328125,0
L3-C2,er_n8_p0.3_seed2,ideal,0.01,2.0185546875,1.8857421875,-0.1328125,0
L3-C3,er_n8_p0.3_seed2,ideal,0.05,2.0185546875,1.8857421875,-0.1328125,0
L3-C1,er_n8_p0.3_seed2,depol-low,0.0,2.08984375,1.919921875,-0.169921875,0
L3-C2,er_n8_p0.3_seed2,depol-low,0.01,2.08984375,1.919921875,-0.169921875,0
L3-C3,er_n8_p0.3_seed2,depol-low,0.05,2.08984375,1.919921875,-0.169921875,0
L3-C1,er_n8_p0.3_seed2,depol-medium,0.0,2.103515625,2.0302734375,-0.0732421875,0
L3-C2,er_n8_p0.3_seed2,depol-medium,0.01,2.103515625,2.0302734375,-0.0732421875,0
L3-C3,er_n8_p0.3_seed2,depol-medium,0.05,2.103515625,2.0302734375,-0.0732421875,0
L3-C1,er_n8_p0.3_seed2,depol-high,0.0,2.2744140625,2.30859375,0.0341796875,1
L3-C2,er_n8_p0.3_seed2,depol-high,0.01,2.2744140625,2.30859375,0.0341796875,1
L3-C3,er_n8_p0.3_seed2,depol-high,0.05,2.2744140625,2.30859375,0.0341796875,0
L3-C1,er_n8_p0.3_seed2,readout-heavy,0.0,2.310546875,2.216796875,-0.09375,0
L3-C2,er_n8_p0.3_seed2,readout-heavy,0.01,2.310546875,2.216796875,-0.09375,0
L3-C3,er_n8_p0.3_seed2,readout-heavy,0.05,2.310546875,2.216796875,-0.09375,0
L3-C1,er_n8_p0.3_seed2,two-qubit-heavy,0.0,2.1728515625,2.3125,0.1396484375,1
L3-C2,er_n8_p0.3_seed2,two-qubit-heavy,0.01,2.1728515625,2.3125,0.1396484375,1
L3-C3,er_n8_p0.3_seed2,two-qubit-heavy,0.05,2.1728515625,2.3125,0.1396484375,1
L3-C1,er_n8_p0.3_seed3,ideal,0.0,3.501953125,3.541015625,0.0390625,1
L3-C2,er_n8_p0.3_seed3,ideal,0.01,3.501953125,3.541015625,0.0390625,1
L3-C3,er_n8_p0.3_seed3,ideal,0.05,3.501953125,3.541015625,0.0390625,0
L3-C1,er_n8_p0.3_seed3,depol-low,0.0,3.521484375,3.55859375,0.037109375,1
L3-C2,er_n8_p0.3_seed3,depol-low,0.01,3.521484375,3.55859375,0.037109375,1
L3-C3,er_n8_p0.3_seed3,depol-low,0.05,3.521484375,3.55859375,0.037109375,0
L3-C1,er_n8_p0.3_seed3,depol-medium,0.0,3.53125,3.6171875,0.0859375,1
L3-C2,er_n8_p0.3_seed3,depol-medium,0.01,3.53125,3.6171875,0.0859375,1
L3-C3,er_n8_p0.3_seed3,depol-medium,0.05,3.53125,3.6171875,0.0859375,1
L3-C1,er_n8_p0.3_seed3,depol-high,0.0,3.603515625,3.6416015625,0.0380859375,1
L3-C2,er_n8_p0.3_seed3,depol-high,0.01,3.603515625,3.6416015625,0.0380859375,1
L3-C3,er_n8_p0.3_seed3,depol-high,0.05,3.603515625,3.6416015625,0.0380859375,0
L3-C1,er_n8_p0.3_seed3,readout-heavy,0.0,3.646484375,3.6796875,0.033203125,1
L3-C2,er_n8_p0.3_seed3,readout-heavy,0.01,3.646484375,3.6796875,0.033203125,1
L3-C3,er_n8_p0.3_seed3,readout-heavy,0.05,3.646484375,3.6796875,0.033203125,0
L3-C1,er_n8_p0.3_seed3,two-qubit-heavy,0.0,3.541015625,3.638671875,0.09765625,1
L3-C2,er_n8_p0.3_seed3,two-qubit-heavy,0.01,3.541015625,3.638671875,0.09765625,1
L3-C3,er_n8_p0.3_seed3,two-qubit-heavy,0.05,3.541015625,3.638671875,0.09765625,1
L3-C1,er_n8_p0.3_seed4,ideal,0.0,5.3525390625,5.2119140625,-0.140625,0
L3-C2,er_n8_p0.3_seed4,ideal,0.01,5.3525390625,5.2119140625,-0.140625,0
L3-C3,er_n8_p0.3_seed4,ideal,0.05,5.3525390625,5.2119140625,-0.140625,0
L3-C1,er_n8_p0.3_seed4,depol-low,0.0,5.376953125,5.30078125,-0.076171875,0
L3-C2,er_n8_p0.3_seed4,depol-low,0.01,5.376953125,5.30078125,-0.076171875,0
L3-C3,er_n8_p0.3_seed4,depol-low,0.05,5.376953125,5.30078125,-0.076171875,0
L3-C1,er_n8_p0.3_seed4,depol-medium,0.0,5.388671875,5.3779296875,-0.0107421875,0
L3-C2,er_n8_p0.3_seed4,depol-medium,0.01,5.388671875,5.3779296875,-0.0107421875,0
L3-C3,er_n8_p0.3_seed4,depol-medium,0.05,5.388671875,5.3779296875,-0.0107421875,0
L3-C1,er_n8_p0.3_seed4,depol-high,0.0,5.376953125,5.4228515625,0.0458984375,1
L3-C2,er_n8_p0.3_seed4,depol-high,0.01,5.376953125,5.4228515625,0.0458984375,1
L3-C3,er_n8_p0.3_seed4,depol-high,0.05,5.376953125,5.4228515625,0.0458984375,0
L3-C1,er_n8_p0.3_seed4,readout-heavy,0.0,5.443359375,5.412109375,-0.03125,0
L3-C2,er_n8_p0.3_seed4,readout-heavy,0.01,5.443359375,5.412109375,-0.03125,0
L3-C3,er_n8_p0.3_seed4,readout-heavy,0.05,5.443359375,5.412109375,-0.03125,0
L3-C1,er_n8_p0.3_seed4,two-qubit-heavy,0.0,5.3310546875,5.3564453125,0.025390625,1
L3-C2,er_n8_p0.3_seed4,two-qubit-heavy,0.01,5.3310546875,5.3564453125,0.025390625,1
L3-C3,er_n8_p0.3_seed4,two-qubit-heavy,0.05,5.3310546875,5.3564453125,0.025390625,0
L3-C1,er_n8_p0.4_seed0,ideal,0.0,2.0400390625,2.2744140625,0.234375,1
L3-C2,er_n8_p0.4_seed0,ideal,0.01,2.0400390625,2.2744140625,0.234375,1
L3-C3,er_n8_p0.4_seed0,ideal,0.05,2.0400390625,2.2744140625,0.234375,1
L3-C1,er_n8_p0.4_seed0,depol-low,0.0,2.0732421875,2.3408203125,0.267578125,1
L3-C2,er_n8_p0.4_seed0,depol-low,0.01,2.0732421875,2.3408203125,0.267578125,1
L3-C3,er_n8_p0.4_seed0,depol-low,0.05,2.0732421875,2.3408203125,0.267578125,1
L3-C1,er_n8_p0.4_seed0,depol-medium,0.0,2.1142578125,2.3740234375,0.259765625,1
L3-C2,er_n8_p0.4_seed0,depol-medium,0.01,2.1142578125,2.3740234375,0.259765625,1
L3-C3,er_n8_p0.4_seed0,depol-medium,0.05,2.1142578125,2.3740234375,0.259765625,1
L3-C1,er_n8_p0.4_seed0,depol-high,0.0,2.2529296875,2.470703125,0.2177734375,1
L3-C2,er_n8_p0.4_seed0,depol-high,0.01,2.2529296875,2.470703125,0.2177734375,1
L3-C3,er_n8_p0.4_seed0,depol-high,0.05,2.2529296875,2.470703125,0.2177734375,1
L3-C1,er_n8_p0.4_seed0,readout-heavy,0.0,2.2998046875,2.4931640625,0.193359375,1
L3-C2,er_n8_p0.4_seed0,readout-heavy,0.01,2.2998046875,2.4931640625,0.193359375,1
L3-C3,er_n8_p0.4_seed0,readout-heavy,0.05,2.2998046875,2.4931640625,0.193359375,1
L3-C1,er_n8_p0.4_seed0,two-qubit-heavy,0.0,2.16015625,2.388671875,0.228515625,1
L3-C2,er_n8_p0.4_seed0,two-qubit-heavy,0.01,2.16015625,2.388671875,0.228515625,1
L3-C3,er_n8_p0.4_seed0,two-qubit-heavy,0.05,2.16015625,2.388671875,0.228515625,1
L3-C1,er_n8_p0.4_seed1,ideal,0.0,6.08984375,6.1201171875,0.0302734375,1
L3-C2,er_n8_p0.4_seed1,ideal,0.01,6.08984375,6.1201171875,0.0302734375,1
L3-C3,er_n8_p0.4_seed1,ideal,0.05,6.08984375,6.1201171875,0.0302734375,0
L3-C1,er_n8_p0.4_seed1,depol-low,0.0,6.103515625,6.1552734375,0.0517578125,1
L3-C2,er_n8_p0.4_seed1,depol-low,0.01,6.103515625,6.1552734375,0.0517578125,1
L3-C3,er_n8_p0.4_seed1,depol-low,0.05,6.103515625,6.1552734375,0.0517578125,1
L3-C1,er_n8_p0.4_seed1,depol-medium,0.0,6.1123046875,6.134765625,0.0224609375,1
L3-C2,er_n8_p0.4_seed1,depol-medium,0.01,6.1123046875,6.134765625,0.0224609375,1
L3-C3,er_n8_p0.4_seed1,depol-medium,0.05,6.1123046875,6.134765625,0.0224609375,0
L3-C1,er_n8_p0.4_seed1,depol-high,0.0,6.1220703125,6.0966796875,-0.025390625,0
L3-C2,er_n8_p0.4_seed1,depol-high,0.01,6.1220703125,6.0966796875,-0.025390625,0
L3-C3,er_n8_p0.4_seed1,depol-high,0.05,6.1220703125,6.0966796875,-0.025390625,0
L3-C1,er_n8_p0.4_seed1,readout-heavy,0.0,6.111328125,6.1728515625,0.0615234375,1
L3-C2,er_n8_p0.4_seed1,readout-heavy,0.01,6.111328125,6.1728515625,0.0615234375,1
L3-C3,er_n8_p0.4_seed1,readout-heavy,0.05,6.111328125,6.1728515625,0.0615234375,1
L3-C1,er_n8_p0.4_seed1,two-qubit-heavy,0.0,6.123046875,6.099609375,-0.0234375,0
L3-C2,er_n8_p0.4_seed1,two-qubit-heavy,0.01,6.123046875,6.099609375,-0.0234375,0
L3-C3,er_n8_p0.4_seed1,two-qubit-heavy,0.05,6.123046875,6.099609375,-0.0234375,0
L3-C1,er_n8_p0.4_seed2,ideal,0.0,4.78125,4.87109375,0.08984375,1
L3-C2,er_n8_p0.4_seed2,ideal,0.01,4.78125,4.87109375,0.08984375,1
L3-C3,er_n8_p0.4_seed2,ideal,0.05,4.78125,4.87109375,0.08984375,1
L3-C1,er_n8_p0.4_seed2,depol-low,0.0,4.7900390625,4.9306640625,0.140625,1
L3-C2,er_n8_p0.4_seed2,depol-low,0.01,4.7900390625,4.9306640625,0.140625,1
L3-C3,er_n8_p0.4_seed2,depol-low,0.05,4.7900390625,4.9306640625,0.140625,1
L3-C1,er_n8_p0.4_seed2,depol-medium,0.0,4.806640625,4.9033203125,0.0966796875,1
L3-C2,er_n8_p0.4_seed2,depol-medium,0.01,4.806640625,4.9033203125,0.0966796875,1
L3-C3,er_n8_p0.4_seed2,depol-medium,0.05,4.806640625,4.9033203125,0.0966796875,1
L3-C1,er_n8_p0.4_seed2,depol-high,0.0,4.8369140625,4.908203125,0.0712890625,1
L3-C2,er_n8_p0.4_seed2,depol-high,0.01,4.8369140625,4.908203125,0.0712890625,1
L3-C3,er_n8_p0.4_seed2,depol-high,0.05,4.8369140625,4.908203125,0.0712890625,1
L3-C1,er_n8_p0.4_seed2,readout-heavy,0.0,4.8447265625,4.939453125,0.0947265625,1
L3-C2,er_n8_p0.4_seed2,readout-heavy,0.01,4.8447265625,4.939453125,0.0947265625,1
L3-C3,er_n8_p0.4_seed2,readout-heavy,0.05,4.8447265625,4.939453125,0.0947265625,1
L3-C1,er_n8_p0.4_seed2,two-qubit-heavy,0.0,4.798828125,4.9013671875,0.1025390625,1
L3-C2,er_n8_p0.4_seed2,two-qubit-heavy,0.01,4.798828125,4.9013671875,0.1025390625,1
L3-C3,er_n8_p0.4_seed2,two-qubit-heavy,0.05,4.798828125,4.9013671875,0.1025390625,1
L3-C1,er_n8_p0.4_seed3,ideal,0.0,4.7529296875,4.681640625,-0.0712890625,0
L3-C2,er_n8_p0.4_seed3,ideal,0.01,4.7529296875,4.681640625,-0.0712890625,0
L3-C3,er_n8_p0.4_seed3,ideal,0.05,4.7529296875,4.681640625,-0.0712890625,0
L3-C1,er_n8_p0.4_seed3,depol-low,0.0,4.7568359375,4.720703125,-0.0361328125,0
L3-C2,er_n8_p0.4_seed3,depol-low,0.01,4.7568359375,4.720703125,-0.0361328125,0
L3-C3,er_n8_p0.4_seed3,depol-low,0.05,4.7568359375,4.720703125,-0.0361328125,0
L3-C1,er_n8_p0.4_seed3,depol-medium,0.0,4.755859375,4.7578125,0.001953125,1
L3-C2,er_n8_p0.4_seed3,depol-medium,0.01,4.755859375,4.7578125,0.001953125,0
L3-C3,er_n8_p0.4_seed3,depol-medium,0.05,4.755859375,4.7578125,0.001953125,0
L3-C1,er_n8_p0.4_seed3,depol-high,0.0,4.8076171875,4.68359375,-0.1240234375,0
L3-C2,er_n8_p0.4_seed3,depol-high,0.01,4.8076171875,4.68359375,-0.1240234375,0
L3-C3,er_n8_p0.4_seed3,depol-high,0.05,4.8076171875,4.68359375,-0.1240234375,0
L3-C1,er_n8_p0.4_seed3,readout-heavy,0.0,4.84375,4.7666015625,-0.0771484375,0
L3-C2,er_n8_p0.4_seed3,readout-heavy,0.01,4.84375,4.7666015625,-0.0771484375,0
L3-C3,er_n8_p0.4_seed3,readout-heavy,0.05,4.84375,4.7666015625,-0.0771484375,0
L3-C1,er_n8_p0.4_seed3,two-qubit-heavy,0.0,4.7568359375,4.716796875,-0.0400390625,0
L3-C2,er_n8_p0.4_seed3,two-qubit-heavy,0.01,4.7568359375,4.716796875,-0.0400390625,0
L3-C3,er_n8_p0.4_seed3,two-qubit-heavy,0.05,4.7568359375,4.716796875,-0.0400390625,0
L3-C1,er_n8_p0.4_seed4,ideal,0.0,6.1943359375,6.4814453125,0.287109375,1
L3-C2,er_n8_p0.4_seed4,ideal,0.01,6.1943359375,6.4814453125,0.287109375,1
L3-C3,er_n8_p0.4_seed4,ideal,0.05,6.1943359375,6.4814453125,0.287109375,1
L3-C1,er_n8_p0.4_seed4,depol-low,0.0,6.1953125,6.5244140625,0.3291015625,1
L3-C2,er_n8_p0.4_seed4,depol-low,0.01,6.1953125,6.5244140625,0.3291015625,1
L3-C3,er_n8_p0.4_seed4,depol-low,0.05,6.1953125,6.5244140625,0.3291015625,1
L3-C1,er_n8_p0.4_seed4,depol-medium,0.0,6.205078125,6.51171875,0.306640625,1
L3-C2,er_n8_p0.4_seed4,depol-medium,0.01,6.205078125,6.51171875,0.306640625,1
L3-C3,er_n8_p0.4_seed4,depol-medium,0.05,6.205078125,6.51171875,0.306640625,1
L3-C1,er_n8_p0.4_seed4,depol-high,0.0,6.32421875,6.4697265625,0.1455078125,1
L3-C2,er_n8_p0.4_seed4,depol-high,0.01,6.32421875,6.4697265625,0.1455078125,1
L3-C3,er_n8_p0.4_seed4,depol-high,0.05,6.32421875,6.4697265625,0.1455078125,1
L3-C1,er_n8_p0.4_seed4,readout-heavy,0.0,6.3701171875,6.5107421875,0.140625,1
L3-C2,er_n8_p0.4_seed4,readout-heavy,0.01,6.3701171875,6.5107421875,0.140625,1
L3-C3,er_n8_p0.4_seed4,readout-heavy,0.05,6.3701171875,6.5107421875,0.140625,1
L3-C1,er_n8_p0.4_seed4,two-qubit-heavy,0.0,6.2421875,6.4599609375,0.2177734375,1
L3-C2,er_n8_p0.4_seed4,two-qubit-heavy,0.01,6.2421875,6.4599609375,0.2177734375,1
L3-C3,er_n8_p0.4_seed4,two-qubit-heavy,0.05,6.2421875,6.4599609375,0.2177734375,1
L3-C1,er_n10_p0.2_seed0,ideal,0.0,1.0244140625,0.75390625,-0.2705078125,0
L3-C2,er_n10_p0.2_seed0,ideal,0.01,1.0244140625,0.75390625,-0.2705078125,0
L3-C3,er_n10_p0.2_seed0,ideal,0.05,1.0244140625,0.75390625,-0.2705078125,0
L3-C1,er_n10_p0.2_seed0,depol-low,0.0,1.052734375,0.802734375,-0.25,0
L3-C2,er_n10_p0.2_seed0,depol-low,0.01,1.052734375,0.802734375,-0.25,0
L3-C3,er_n10_p0.2_seed0,depol-low,0.05,1.052734375,0.802734375,-0.25,0
L3-C1,er_n10_p0.2_seed0,depol-medium,0.0,1.0634765625,0.853515625,-0.2099609375,0
L3-C2,er_n10_p0.2_seed0,depol-medium,0.01,1.0634765625,0.853515625,-0.2099609375,0
L3-C3,er_n10_p0.2_seed0,depol-medium,0.05,1.0634765625,0.853515625,-0.2099609375,0
L3-C1,er_n10_p0.2_seed0,depol-high,0.0,1.1083984375,0.9599609375,-0.1484375,0
L3-C2,er_n10_p0.2_seed0,depol-high,0.01,1.1083984375,0.9599609375,-0.1484375,0
L3-C3,er_n10_p0.2_seed0,depol-high,0.05,1.1083984375,0.9599609375,-0.1484375,0
L3-C1,er_n10_p0.2_seed0,readout-heavy,0.0,1.1474609375,0.9833984375,-0.1640625,0
L3-C2,er_n10_p0.2_seed0,readout-heavy,0.01,1.1474609375,0.9833984375,-0.1640625,0
L3-C3,er_n10_p0.2_seed0,readout-heavy,0.05,1.1474609375,0.9833984375,-0.1640625,0
L3-C1,er_n10_p0.2_seed0,two-qubit-heavy,0.0,1.0732421875,0.93359375,-0.1396484375,0
L3-C2,er_n10_p0.2_seed0,two-qubit-heavy,0.01,1.0732421875,0.93359375,-0.1396484375,0
L3-C3,er_n10_p0.2_seed0,two-qubit-heavy,0.05,1.0732421875,0.93359375,-0.1396484375,0
L3-C1,er_n10_p0.2_seed1,ideal,0.0,4.306640625,4.0048828125,-0.3017578125,0
L3-C2,er_n10_p0.2_seed1,ideal,0.01,4.306640625,4.0048828125,-0.3017578125,0
L3-C3,er_n10_p0.2_seed1,ideal,0.05,4.306640625,4.0048828125,-0.3017578125,0
L3-C1,er_n10_p0.2_seed1,depol-low,0.0,4.34765625,4.080078125,-0.267578125,0
L3-C2,er_n10_p0.2_seed1,depol-low,0.01,4.34765625,4.080078125,-0.267578125,0
L3-C3,er_n10_p0.2_seed1,depol-low,0.05,4.34765625,4.080078125,-0.267578125,0
L3-C1,er_n10_p0.2_seed1,depol-medium,0.0,4.37890625,4.1669921875,-0.2119140625,0
L3-C2,er_n10_p0.2_seed1,depol-medium,0.01,4.37890625,4.1669921875,-0.2119140625,0
L3-C3,er_n10_p0.2_seed1,depol-medium,0.05,4.37890625,4.1669921875,-0.2119140625,0
L3-C1,er_n10_p0.2_seed1,depol-high,0.0,4.431640625,4.419921875,-0.01171875,0
L3-C2,er_n10_p0.2_seed1,depol-high,0.01,4.431640625,4.419921875,-0.01171875,0
L3-C3,er_n10_p0.2_seed1,depol-high,0.05,4.431640625,4.419921875,-0.01171875,0
L3-C1,er_n10_p0.2_seed1,readout-heavy,0.0,4.53515625,4.38671875,-0.1484375,0
L3-C2,er_n10_p0.2_seed1,readout-heavy,0.01,4.53515625,4.38671875,-0.1484375,0
L3-C3,er_n10_p0.2_seed1,readout-heavy,0.05,4.53515625,4.38671875,-0.1484375,0
L3-C1,er_n10_p0.2_seed1,two-qubit-heavy,0.0,4.384765625,4.2802734375,-0.1044921875,0
L3-C2,er_n10_p0.2_seed1,two-qubit-heavy,0.01,4.384765625,4.2802734375,-0.1044921875,0
L3-C3,er_n10_p0.2_seed1,two-qubit-heavy,0.05,4.384765625,4.2802734375,-0.1044921875,0
L3-C1,er_n10_p0.2_seed2,ideal,0.0,2.95703125,3.1220703125,0.1650390625,1
L3-C2,er_n10_p0.2_seed2,ideal,0.01,2.95703125,3.1220703125,0.1650390625,1
L3-C3,er_n10_p0.2_seed2,ideal,0.05,2.95703125,3.1220703125,0.1650390625,1
L3-C1,er_n10_p0.2_seed2,depol-low,0.0,3.10546875,3.2529296875,0.1474609375,1
L3-C2,er_n10_p0.2_seed2,depol-low,0.01,3.10546875,3.2529296875,0.1474609375,1
L3-C3,er_n10_p0.2_seed2,depol-low,0.05,3.10546875,3.2529296875,0.1474609375,1
L3-C1,er_n10_p0.2_seed2,depol-medium,0.0,3.1455078125,3.306640625,0.1611328125,1
L3-C2,er_n10_p0.2_seed2,depol-medium,0.01,3.1455078125,3.306640625,0.1611328125,1
L3-C3,er_n10_p0.2_seed2,depol-medium,0.05,3.1455078125,3.306640625,0.1611328125,1
L3-C1,er_n10_p0.2_seed2,depol-high,0.0,3.2412109375,3.486328125,0.2451171875,1
L3-C2,er_n10_p0.2_seed2,depol-high,0.01,3.2412109375,3.486328125,0.2451171875,1
L3-C3,er_n10_p0.2_seed2,depol-high,0.05,3.2412109375,3.486328125,0.2451171875,1
L3-C1,er_n10_p0.2_seed2,readout-heavy,0.0,3.349609375,3.46484375,0.115234375,1
L3-C2,er_n10_p0.2_seed2,readout-heavy,0.01,3.349609375,3.46484375,0.115234375,1
L3-C3,er_n10_p0.2_seed2,readout-heavy,0.05,3.349609375,3.46484375,0.115234375,1
L3-C1,er_n10_p0.2_seed2,two-qubit-heavy,0.0,3.16015625,3.44921875,0.2890625,1
L3-C2,er_n10_p0.2_seed2,two-qubit-heavy,0.01,3.16015625,3.44921875,0.2890625,1
L3-C3,er_n10_p0.2_seed2,two-qubit-heavy,0.05,3.16015625,3.44921875,0.2890625,1
L3-C1,er_n10_p0.2_seed3,ideal,0.0,2.234375,2.3837890625,0.1494140625,1
L3-C2,er_n10_p0.2_seed3,ideal,0.01,2.234375,2.3837890625,0.1494140625,1
L3-C3,er_n10_p0.2_seed3,ideal,0.05,2.234375,2.3837890625,0.1494140625,1
L3-C1,er_n10_p0.2_seed3,depol-low,0.0,2.3701171875,2.390625,0.0205078125,1
L3-C2,er_n10_p0.2_seed3,depol-low,0.01,2.3701171875,2.390625,0.0205078125,1
L3-C3,er_n10_p0.2_seed3,depol-low,0.05,2.3701171875,2.390625,0.0205078125,0
L3-C1,er_n10_p0.2_seed3,depol-medium,0.0,2.4384765625,2.458984375,0.0205078125,1
L3-C2,er_n10_p0.2_seed3,depol-medium,0.01,2.4384765625,2.458984375,0.0205078125,1
L3-C3,er_n10_p0.2_seed3,depol-medium,0.05,2.4384765625,2.458984375,0.0205078125,0
L3-C1,er_n10_p0.2_seed3,depol-high,0.0,2.5927734375,2.6298828125,0.037109375,1
L3-C2,er_n10_p0.2_seed3,depol-high,0.01,2.5927734375,2.6298828125,0.037109375,1
L3-C3,er_n10_p0.2_seed3,depol-high,0.05,2.5927734375,2.6298828125,0.037109375,0
L3-C1,er_n10_p0.2_seed3,readout-heavy,0.0,2.6552734375,2.6396484375,-0.015625,0
L3-C2,er_n10_p0.2_seed3,readout-heavy,0.01,2.6552734375,2.6396484375,-0.015625,0
L3-C3,er_n10_p0.2_seed3,readout-heavy,0.05,2.6552734375,2.6396484375,-0.015625,0
L3-C1,er_n10_p0.2_seed3,two-qubit-heavy,0.0,2.51953125,2.6240234375,0.1044921875,1
L3-C2,er_n10_p0.2_seed3,two-qubit-heavy,0.01,2.51953125,2.6240234375,0.1044921875,1
L3-C3,er_n10_p0.2_seed3,two-qubit-heavy,0.05,2.51953125,2.6240234375,0.1044921875,1
L3-C1,er_n10_p0.2_seed4,ideal,0.0,4.8095703125,4.712890625,-0.0966796875,0
L3-C2,er_n10_p0.2_seed4,ideal,0.01,4.8095703125,4.712890625,-0.0966796875,0
L3-C3,er_n10_p0.2_seed4,ideal,0.05,4.8095703125,4.712890625,-0.0966796875,0
L3-C1,er_n10_p0.2_seed4,depol-low,0.0,4.947265625,4.6953125,-0.251953125,0
L3-C2,er_n10_p0.2_seed4,depol-low,0.01,4.947265625,4.6953125,-0.251953125,0
L3-C3,er_n10_p0.2_seed4,depol-low,0.05,4.947265625,4.6953125,-0.251953125,0
L3-C1,er_n10_p0.2_seed4,depol-medium,0.0,4.9248046875,4.6943359375,-0.23046875,0
L3-C2,er_n10_p0.2_seed4,depol-medium,0.01,4.9248046875,4.6943359375,-0.23046875,0
L3-C3,er_n10_p0.2_seed4,depol-medium,0.05,4.9248046875,4.6943359375,-0.23046875,0
L3-C1,er_n10_p0.2_seed4,depol-high,0.0,4.9375,4.7783203125,-0.1591796875,0
L3-C2,er_n10_p0.2_seed4,depol-high,0.01,4.9375,4.7783203125,-0.1591796875,0
L3-C3,er_n10_p0.2_seed4,depol-high,0.05,4.9375,4.7783203125,-0.1591796875,0
L3-C1,er_n10_p0.2_seed4,readout-heavy,0.0,4.958984375,4.759765625,-0.19921875,0
L3-C2,er_n10_p0.2_seed4,readout-heavy,0.01,4.958984375,4.759765625,-0.19921875,0
L3-C3,er_n10_p0.2_seed4,readout-heavy,0.05,4.958984375,4.759765625,-0.19921875,0
L3-C1,er_n10_p0.2_seed4,two-qubit-heavy,0.0,4.9072265625,4.708984375,-0.1982421875,0
L3-C2,er_n10_p0.2_seed4,two-qubit-heavy,0.01,4.9072265625,4.708984375,-0.1982421875,0
L3-C3,er_n10_p0.2_seed4,two-qubit-heavy,0.05,4.9072265625,4.708984375,-0.1982421875,0
L3-C1,er_n10_p0.3_seed0,ideal,0.0,3.25,3.0751953125,-0.1748046875,0
L3-C2,er_n10_p0.3_seed0,ideal,0.01,3.25,3.0751953125,-0.1748046875,0
L3-C3,er_n10_p0.3_seed0,ideal,0.05,3.25,3.0751953125,-0.1748046875,0
L3-C1,er_n10_p0.3_seed0,depol-low,0.0,3.3486328125,3.2802734375,-0.068359375,0
L3-C2,er_n10_p0.3_seed0,depol-low,0.01,3.3486328125,3.2802734375,-0.068359375,0
L3-C3,er_n10_p0.3_seed0,depol-low,0.05,3.3486328125,3.2802734375,-0.068359375,0
L3-C1,er_n10_p0.3_seed0,depol-medium,0.0,3.3896484375,3.33203125,-0.0576171875,0
L3-C2,er_n10_p0.3_seed0,depol-medium,0.01,3.3896484375,3.33203125,-0.0576171875,0
L3-C3,er_n10_p0.3_seed0,depol-medium,0.05,3.3896484375,3.33203125,-0.0576171875,0
L3-C1,er_n10_p0.3_seed0,depol-high,0.0,3.4462890625,3.4794921875,0.033203125,1
L3-C2,er_n10_p0.3_seed0,depol-high,0.01,3.4462890625,3.4794921875,0.033203125,1
L3-C3,er_n10_p0.3_seed0,depol-high,0.05,3.4462890625,3.4794921875,0.033203125,0
L3-C1,er_n10_p0.3_seed0,readout-heavy,0.0,3.5302734375,3.4609375,-0.0693359375,0
L3-C2,er_n10_p0.3_seed0,readout-heavy,0.01,3.5302734375,3.4609375,-0.0693359375,0
L3-C3,er_n10_p0.3_seed0,readout-heavy,0.05,3.5302734375,3.4609375,-0.0693359375,0
L3-C1,er_n10_p0.3_seed0,two-qubit-heavy,0.0,3.435546875,3.4677734375,0.0322265625,1
L3-C2,er_n10_p0.3_seed0,two-qubit-heavy,0.01,3.435546875,3.4677734375,0.0322265625,1
L3-C3,er_n10_p0.3_seed0,two-qubit-heavy,0.05,3.435546875,3.4677734375,0.0322265625,0
L3-C1,er_n10_p0.3_seed1,ideal,0.0,8.576171875,8.705078125,0.12890625,1
L3-C2,er_n10_p0.3_seed1,ideal,0.01,8.576171875,8.705078125,0.12890625,1
L3-C3,er_n10_p0.3_seed1,ideal,0.05,8.576171875,8.705078125,0.12890625,1
L3-C1,er_n10_p0.3_seed1,depol-low,0.0,8.7724609375,8.9111328125,0.138671875,1
L3-C2,er_n10_p0.3_seed1,depol-low,0.01,8.7724609375,8.9111328125,0.138671875,1
L3-C3,er_n10_p0.3_seed1,depol-low,0.05,8.7724609375,8.9111328125,0.138671875,1
L3-C1,er_n10_p0.3_seed1,depol-medium,0.0,8.83984375,8.916015625,0.076171875,1
L3-C2,er_n10_p0.3_seed1,depol-medium,0.01,8.83984375,8.916015625,0.076171875,1
L3-C3,er_n10_p0.3_seed1,depol-medium,0.05,8.83984375,8.916015625,0.076171875,1
L3-C1,er_n10_p0.3_seed1,depol-high,0.0,8.8759765625,8.99609375,0.1201171875,1
L3-C2,er_n10_p0.3_seed1,depol-high,0.01,8.8759765625,8.99609375,0.1201171875,1
L3-C3,er_n10_p0.3_seed1,depol-high,0.05,8.8759765625,8.99609375,0.1201171875,1
L3-C1,er_n10_p0.3_seed1,readout-heavy,0.0,8.875,8.982421875,0.107421875,1
L3-C2,er_n10_p0.3_seed1,readout-heavy,0.01,8.875,8.982421875,0.107421875,1
L3-C3,er_n10_p0.3_seed1,readout-heavy,0.05,8.875,8.982421875,0.107421875,1
L3-C1,er_n10_p0.3_seed1,two-qubit-heavy,0.0,8.865234375,8.982421875,0.1171875,1
L3-C2,er_n10_p0.3_seed1,two-qubit-heavy,0.01,8.865234375,8.982421875,0.1171875,1
L3-C3,er_n10_p0.3_seed1,two-qubit-heavy,0.05,8.865234375,8.982421875,0.1171875,1
L3-C1,er_n10_p0.3_seed2,ideal,0.0,4.0517578125,4.73046875,0.6787109375,1
L3-C2,er_n10_p0.3_seed2,ideal,0.01,4.0517578125,4.73046875,0.6787109375,1
L3-C3,er_n10_p0.3_seed2,ideal,0.05,4.0517578125,4.73046875,0.6787109375,1
L3-C1,er_n10_p0.3_seed2,depol-low,0.0,4.0400390625,4.6171875,0.5771484375,1
L3-C2,er_n10_p0.3_seed2,depol-low,0.01,4.0400390625,4.6171875,0.5771484375,1
L3-C3,er_n10_p0.3_seed2,depol-low,0.05,4.0400390625,4.6171875,0.5771484375,1
L3-C1,er_n10_p0.3_seed2,depol-medium,0.0,4.0810546875,4.6748046875,0.59375,1
L3-C2,er_n10_p0.3_seed2,depol-medium,0.01,4.0810546875,4.6748046875,0.59375,1
L3-C3,er_n10_p0.3_seed2,depol-medium,0.05,4.0810546875,4.6748046875,0.59375,1
L3-C1,er_n10_p0.3_seed2,depol-high,0.0,4.234375,4.720703125,0.486328125,1
L3-C2,er_n10_p0.3_seed2,depol-high,0.01,4.234375,4.720703125,0.486328125,1
L3-C3,er_n10_p0.3_seed2,depol-high,0.05,4.234375,4.720703125,0.486328125,1
L3-C1,er_n10_p0.3_seed2,readout-heavy,0.0,4.3115234375,4.720703125,0.4091796875,1
L3-C2,er_n10_p0.3_seed2,readout-heavy,0.01,4.3115234375,4.720703125,0.4091796875,1
L3-C3,er_n10_p0.3_seed2,readout-heavy,0.05,4.3115234375,4.720703125,0.4091796875,1
L3-C1,er_n10_p0.3_seed2,two-qubit-heavy,0.0,4.1396484375,4.701171875,0.5615234375,1
L3-C2,er_n10_p0.3_seed2,two-qubit-heavy,0.01,4.1396484375,4.701171875,0.5615234375,1
L3-C3,er_n10_p0.3_seed2,two-qubit-heavy,0.05,4.1396484375,4.701171875,0.5615234375,1
L3-C1,er_n10_p0.3_seed3,ideal,0.0,5.2197265625,5.390625,0.1708984375,1
L3-C2,er_n10_p0.3_seed3,ideal,0.01,5.2197265625,5.390625,0.1708984375,1
L3-C3,er_n10_p0.3_seed3,ideal,0.05,5.2197265625,5.390625,0.1708984375,1
L3-C1,er_n10_p0.3_seed3,depol-low,0.0,5.330078125,5.49609375,0.166015625,1
L3-C2,er_n10_p0.3_seed3,depol-low,0.01,5.330078125,5.49609375,0.166015625,1
L3-C3,er_n10_p0.3_seed3,depol-low,0.05,5.330078125,5.49609375,0.166015625,1
L3-C1,er_n10_p0.3_seed3,depol-medium,0.0,5.3056640625,5.4462890625,0.140625,1
L3-C2,er_n10_p0.3_seed3,depol-medium,0.01,5.3056640625,5.4462890625,0.140625,1
L3-C3,er_n10_p0.3_seed3,depol-medium,0.05,5.3056640625,5.4462890625,0.140625,1
L3-C1,er_n10_p0.3_seed3,depol-high,0.0,5.345703125,5.47265625,0.126953125,1
L3-C2,er_n10_p0.3_seed3,depol-high,0.01,5.345703125,5.47265625,0.126953125,1
L3-C3,er_n10_p0.3_seed3,depol-high,0.05,5.345703125,5.47265625,0.126953125,1
L3-C1,er_n10_p0.3_seed3,readout-heavy,0.0,5.375,5.5244140625,0.1494140625,1
L3-C2,er_n10_p0.3_seed3,readout-heavy,0.01,5.375,5.5244140625,0.1494140625,1
L3-C3,er_n10_p0.3_seed3,readout-heavy,0.05,5.375,5.5244140625,0.1494140625,1
L3-C1,er_n10_p0.3_seed3,two-qubit-heavy,0.0,5.359375,5.5009765625,0.1416015625,1
L3-C2,er_n10_p0.3_seed3,two-qubit-heavy,0.01,5.359375,5.5009765625,0.1416015625,1
L3-C3,er_n10_p0.3_seed3,two-qubit-heavy,0.05,5.359375,5.5009765625,0.1416015625,1
L3-C1,er_n10_p0.3_seed4,ideal,0.0,6.53515625,6.244140625,-0.291015625,0
L3-C2,er_n10_p0.3_seed4,ideal,0.01,6.53515625,6.244140625,-0.291015625,0
L3-C3,er_n10_p0.3_seed4,ideal,0.05,6.53515625,6.244140625,-0.291015625,0
L3-C1,er_n10_p0.3_seed4,depol-low,0.0,6.5537109375,6.279296875,-0.2744140625,0
L3-C2,er_n10_p0.3_seed4,depol-low,0.01,6.5537109375,6.279296875,-0.2744140625,0
L3-C3,er_n10_p0.3_seed4,depol-low,0.05,6.5537109375,6.279296875,-0.2744140625,0
L3-C1,er_n10_p0.3_seed4,depol-medium,0.0,6.6064453125,6.3720703125,-0.234375,0
L3-C2,er_n10_p0.3_seed4,depol-medium,0.01,6.6064453125,6.3720703125,-0.234375,0
L3-C3,er_n10_p0.3_seed4,depol-medium,0.05,6.6064453125,6.3720703125,-0.234375,0
L3-C1,er_n10_p0.3_seed4,depol-high,0.0,6.6318359375,6.572265625,-0.0595703125,0
L3-C2,er_n10_p0.3_seed4,depol-high,0.01,6.6318359375,6.572265625,-0.0595703125,0
L3-C3,er_n10_p0.3_seed4,depol-high,0.05,6.6318359375,6.572265625,-0.0595703125,0
L3-C1,er_n10_p0.3_seed4,readout-heavy,0.0,6.6982421875,6.521484375,-0.1767578125,0
L3-C2,er_n10_p0.3_seed4,readout-heavy,0.01,6.6982421875,6.521484375,-0.1767578125,0
L3-C3,er_n10_p0.3_seed4,readout-heavy,0.05,6.6982421875,6.521484375,-0.1767578125,0
L3-C1,er_n10_p0.3_seed4,two-qubit-heavy,0.0,6.62890625,6.51953125,-0.109375,0
L3-C2,er_n10_p0.3_seed4,two-qubit-heavy,0.01,6.62890625,6.51953125,-0.109375,0
L3-C3,er_n10_p0.3_seed4,two-qubit-heavy,0.05,6.62890625,6.51953125,-0.109375,0
L3-C1,er_n10_p0.4_seed0,ideal,0.0,5.6767578125,5.8974609375,0.220703125,1
L3-C2,er_n10_p0.4_seed0,ideal,0.01,5.6767578125,5.8974609375,0.220703125,1
L3-C3,er_n10_p0.4_seed0,ideal,0.05,5.6767578125,5.8974609375,0.220703125,1
L3-C1,er_n10_p0.4_seed0,depol-low,0.0,5.6298828125,5.8173828125,0.1875,1
L3-C2,er_n10_p0.4_seed0,depol-low,0.01,5.6298828125,5.8173828125,0.1875,1
L3-C3,er_n10_p0.4_seed0,depol-low,0.05,5.6298828125,5.8173828125,0.1875,1
L3-C1,er_n10_p0.4_seed0,depol-medium,0.0,5.654296875,5.794921875,0.140625,1
L3-C2,er_n10_p0.4_seed0,depol-medium,0.01,5.654296875,5.794921875,0.140625,1
L3-C3,er_n10_p0.4_seed0,depol-medium,0.05,5.654296875,5.794921875,0.140625,1
L3-C1,er_n10_p0.4_seed0,depol-high,0.0,5.728515625,5.919921875,0.19140625,1
L3-C2,er_n10_p0.4_seed0,depol-high,0.01,5.728515625,5.919921875,0.19140625,1
L3-C3,er_n10_p0.4_seed0,depol-high,0.05,5.728515625,5.919921875,0.19140625,1
L3-C1,er_n10_p0.4_seed0,readout-heavy,0.0,5.7275390625,5.87890625,0.1513671875,1
L3-C2,er_n10_p0.4_seed0,readout-heavy,0.01,5.7275390625,5.87890625,0.1513671875,1
L3-C3,er_n10_p0.4_seed0,readout-heavy,0.05,5.7275390625,5.87890625,0.1513671875,1
L3-C1,er_n10_p0.4_seed0,two-qubit-heavy,0.0,5.677734375,5.8076171875,0.1298828125,1
L3-C2,er_n10_p0.4_seed0,two-qubit-heavy,0.01,5.677734375,5.8076171875,0.1298828125,1
L3-C3,er_n10_p0.4_seed0,two-qubit-heavy,0.05,5.677734375,5.8076171875,0.1298828125,1
L3-C1,er_n10_p0.4_seed1,ideal,0.0,9.6630859375,9.9443359375,0.28125,1
L3-C2,er_n10_p0.4_seed1,ideal,0.01,9.6630859375,9.9443359375,0.28125,1
L3-C3,er_n10_p0.4_seed1,ideal,0.05,9.6630859375,9.9443359375,0.28125,1
L3-C1,er_n10_p0.4_seed1,depol-low,0.0,9.7431640625,10.044921875,0.3017578125,1
L3-C2,er_n10_p0.4_seed1,depol-low,0.01,9.7431640625,10.044921875,0.3017578125,1
L3-C3,er_n10_p0.4_seed1,depol-low,0.05,9.7431640625,10.044921875,0.3017578125,1
L3-C1,er_n10_p0.4_seed1,depol-medium,0.0,9.794921875,10.0068359375,0.2119140625,1
L3-C2,er_n10_p0.4_seed1,depol-medium,0.01,9.794921875,10.0068359375,0.2119140625,1
L3-C3,er_n10_p0.4_seed1,depol-medium,0.05,9.794921875,10.0068359375,0.2119140625,1
L3-C1,er_n10_p0.4_seed1,depol-high,0.0,9.796875,10.0283203125,0.2314453125,1
L3-C2,er_n10_p0.4_seed1,depol-high,0.01,9.796875,10.0283203125,0.2314453125,1
L3-C3,er_n10_p0.4_seed1,depol-high,0.05,9.796875,10.0283203125,0.2314453125,1
L3-C1,er_n10_p0.4_seed1,readout-heavy,0.0,9.8076171875,10.0693359375,0.26171875,1
L3-C2,er_n10_p0.4_seed1,readout-heavy,0.01,9.8076171875,10.0693359375,0.26171875,1
L3-C3,er_n10_p0.4_seed1,readout-heavy,0.05,9.8076171875,10.0693359375,0.26171875,1
L3-C1,er_n10_p0.4_seed1,two-qubit-heavy,0.0,9.7890625,9.986328125,0.197265625,1
L3-C2,er_n10_p0.4_seed1,two-qubit-heavy,0.01,9.7890625,9.986328125,0.197265625,1
L3-C3,er_n10_p0.4_seed1,two-qubit-heavy,0.05,9.7890625,9.986328125,0.197265625,1
L3-C1,er_n10_p0.4_seed2,ideal,0.0,8.1044921875,7.982421875,-0.1220703125,0
L3-C2,er_n10_p0.4_seed2,ideal,0.01,8.1044921875,7.982421875,-0.1220703125,0
L3-C3,er_n10_p0.4_seed2,ideal,0.05,8.1044921875,7.982421875,-0.1220703125,0
L3-C1,er_n10_p0.4_seed2,depol-low,0.0,8.015625,7.876953125,-0.138671875,0
L3-C2,er_n10_p0.4_seed2,depol-low,0.01,8.015625,7.876953125,-0.138671875,0
L3-C3,er_n10_p0.4_seed2,depol-low,0.05,8.015625,7.876953125,-0.138671875,0
L3-C1,er_n10_p0.4_seed2,depol-medium,0.0,8.0361328125,7.8837890625,-0.15234375,0
L3-C2,er_n10_p0.4_seed2,depol-medium,0.01,8.0361328125,7.8837890625,-0.15234375,0
L3-C3,er_n10_p0.4_seed2,depol-medium,0.05,8.0361328125,7.8837890625,-0.15234375,0
L3-C1,er_n10_p0.4_seed2,depol-high,0.0,8.0439453125,7.8681640625,-0.17578125,0
L3-C2,er_n10_p0.4_seed2,depol-high,0.01,8.0439453125,7.8681640625,-0.17578125,0
L3-C3,er_n10_p0.4_seed2,depol-high,0.05,8.0439453125,7.8681640625,-0.17578125,0
L3-C1,er_n10_p0.4_seed2,readout-heavy,0.0,8.0556640625,7.8681640625,-0.1875,0
L3-C2,er_n10_p0.4_seed2,readout-heavy,0.01,8.0556640625,7.8681640625,-0.1875,0
L3-C3,er_n10_p0.4_seed2,readout-heavy,0.05,8.0556640625,7.8681640625,-0.1875,0
L3-C1,er_n10_p0.4_seed2,two-qubit-heavy,0.0,8.0673828125,7.8896484375,-0.177734375,0
L3-C2,er_n10_p0.4_seed2,two-qubit-heavy,0.01,8.0673828125,7.8896484375,-0.177734375,0
L3-C3,er_n10_p0.4_seed2,two-qubit-heavy,0.05,8.0673828125,7.8896484375,-0.177734375,0
L3-C1,er_n10_p0.4_seed3,ideal,0.0,7.5244140625,7.3994140625,-0.125,0
L3-C2,er_n10_p0.4_seed3,ideal,0.01,7.5244140625,7.3994140625,-0.125,0
L3-C3,er_n10_p0.4_seed3,ideal,0.05,7.5244140625,7.3994140625,-0.125,0
L3-C1,er_n10_p0.4_seed3,depol-low,0.0,7.474609375,7.384765625,-0.08984375,0
L3-C2,er_n10_p0.4_seed3,depol-low,0.01,7.474609375,7.384765625,-0.08984375,0
L3-C3,er_n10_p0.4_seed3,depol-low,0.05,7.474609375,7.384765625,-0.08984375,0
L3-C1,er_n10_p0.4_seed3,depol-medium,0.0,7.4638671875,7.4482421875,-0.015625,0
L3-C2,er_n10_p0.4_seed3,depol-medium,0.01,7.4638671875,7.4482421875,-0.015625,0
L3-C3,er_n10_p0.4_seed3,depol-medium,0.05,7.4638671875,7.4482421875,-0.015625,0
L3-C1,er_n10_p0.4_seed3,depol-high,0.0,7.474609375,7.560546875,0.0859375,1
L3-C2,er_n10_p0.4_seed3,depol-high,0.01,7.474609375,7.560546875,0.0859375,1
L3-C3,er_n10_p0.4_seed3,depol-high,0.05,7.474609375,7.560546875,0.0859375,1
L3-C1,er_n10_p0.4_seed3,readout-heavy,0.0,7.4677734375,7.5029296875,0.03515625,1
L3-C2,er_n10_p0.4_seed3,readout-heavy,0.01,7.4677734375,7.5029296875,0.03515625,1
L3-C3,er_n10_p0.4_seed3,readout-heavy,0.05,7.4677734375,7.5029296875,0.03515625,0
L3-C1,er_n10_p0.4_seed3,two-qubit-heavy,0.0,7.4814453125,7.46484375,-0.0166015625,0
L3-C2,er_n10_p0.4_seed3,two-qubit-heavy,0.01,7.4814453125,7.46484375,-0.0166015625,0
L3-C3,er_n10_p0.4_seed3,two-qubit-heavy,0.05,7.4814453125,7.46484375,-0.0166015625,0
L3-C1,er_n10_p0.4_seed4,ideal,0.0,8.0615234375,8.1064453125,0.044921875,1
L3-C2,er_n10_p0.4_seed4,ideal,0.01,8.0615234375,8.1064453125,0.044921875,1
L3-C3,er_n10_p0.4_seed4,ideal,0.05,8.0615234375,8.1064453125,0.044921875,0
L3-C1,er_n10_p0.4_seed4,depol-low,0.0,8.1083984375,8.1328125,0.0244140625,1
L3-C2,er_n10_p0.4_seed4,depol-low,0.01,8.1083984375,8.1328125,0.0244140625,1
L3-C3,er_n10_p0.4_seed4,depol-low,0.05,8.1083984375,8.1328125,0.0244140625,0
L3-C1,er_n10_p0.4_seed4,depol-medium,0.0,8.1044921875,8.115234375,0.0107421875,1
L3-C2,er_n10_p0.4_seed4,depol-medium,0.01,8.1044921875,8.115234375,0.0107421875,1
L3-C3,er_n10_p0.4_seed4,depol-medium,0.05,8.1044921875,8.115234375,0.0107421875,0
L3-C1,er_n10_p0.4_seed4,depol-high,0.0,8.2041015625,8.2119140625,0.0078125,1
L3-C2,er_n10_p0.4_seed4,depol-high,0.01,8.2041015625,8.2119140625,0.0078125,0
L3-C3,er_n10_p0.4_seed4,depol-high,0.05,8.2041015625,8.2119140625,0.0078125,0
L3-C1,er_n10_p0.4_seed4,readout-heavy,0.0,8.2275390625,8.173828125,-0.0537109375,0
L3-C2,er_n10_p0.4_seed4,readout-heavy,0.01,8.2275390625,8.173828125,-0.0537109375,0
L3-C3,er_n10_p0.4_seed4,readout-heavy,0.05,8.2275390625,8.173828125,-0.0537109375,0
L3-C1,er_n10_p0.4_seed4,two-qubit-heavy,0.0,8.091796875,8.1943359375,0.1025390625,1
L3-C2,er_n10_p0.4_seed4,two-qubit-heavy,0.01,8.091796875,8.1943359375,0.1025390625,1
L3-C3,er_n10_p0.4_seed4,two-qubit-heavy,0.05,8.091796875,8.1943359375,0.1025390625,1
L3-C1,er_n12_p0.2_seed0,ideal,0.0,1.55078125,2.2451171875,0.6943359375,1
L3-C2,er_n12_p0.2_seed0,ideal,0.01,1.55078125,2.2451171875,0.6943359375,1
L3-C3,er_n12_p0.2_seed0,ideal,0.05,1.55078125,2.2451171875,0.6943359375,1
L3-C1,er_n12_p0.2_seed0,depol-low,0.0,1.5712890625,2.26171875,0.6904296875,1
L3-C2,er_n12_p0.2_seed0,depol-low,0.01,1.5712890625,2.26171875,0.6904296875,1
L3-C3,er_n12_p0.2_seed0,depol-low,0.05,1.5712890625,2.26171875,0.6904296875,1
L3-C1,er_n12_p0.2_seed0,depol-medium,0.0,1.64453125,2.3505859375,0.7060546875,1
L3-C2,er_n12_p0.2_seed0,depol-medium,0.01,1.64453125,2.3505859375,0.7060546875,1
L3-C3,er_n12_p0.2_seed0,depol-medium,0.05,1.64453125,2.3505859375,0.7060546875,1
L3-C1,er_n12_p0.2_seed0,depol-high,0.0,1.833984375,2.5048828125,0.6708984375,1
L3-C2,er_n12_p0.2_seed0,depol-high,0.01,1.833984375,2.5048828125,0.6708984375,1
L3-C3,er_n12_p0.2_seed0,depol-high,0.05,1.833984375,2.5048828125,0.6708984375,1
L3-C1,er_n12_p0.2_seed0,readout-heavy,0.0,1.91796875,2.5185546875,0.6005859375,1
L3-C2,er_n12_p0.2_seed0,readout-heavy,0.01,1.91796875,2.5185546875,0.6005859375,1
L3-C3,er_n12_p0.2_seed0,readout-heavy,0.05,1.91796875,2.5185546875,0.6005859375,1
L3-C1,er_n12_p0.2_seed0,two-qubit-heavy,0.0,1.751953125,2.52734375,0.775390625,1
L3-C2,er_n12_p0.2_seed0,two-qubit-heavy,0.01,1.751953125,2.52734375,0.775390625,1
L3-C3,er_n12_p0.2_seed0,two-qubit-heavy,0.05,1.751953125,2.52734375,0.775390625,1
L3-C1,er_n12_p0.2_seed1,ideal,0.0,4.7626953125,5.5166015625,0.75390625,1
L3-C2,er_n12_p0.2_seed1,ideal,0.01,4.7626953125,5.5166015625,0.75390625,1
L3-C3,er_n12_p0.2_seed1,ideal,0.05,4.7626953125,5.5166015625,0.75390625,1
L3-C1,er_n12_p0.2_seed1,depol-low,0.0,4.7822265625,5.4931640625,0.7109375,1
L3-C2,er_n12_p0.2_seed1,depol-low,0.01,4.7822265625,5.4931640625,0.7109375,1
L3-C3,er_n12_p0.2_seed1,depol-low,0.05,4.7822265625,5.4931640625,0.7109375,1
L3-C1,er_n12_p0.2_seed1,depol-medium,0.0,4.8505859375,5.525390625,0.6748046875,1
L3-C2,er_n12_p0.2_seed1,depol-medium,0.01,4.8505859375,5.525390625,0.6748046875,1
L3-C3,er_n12_p0.2_seed1,depol-medium,0.05,4.8505859375,5.525390625,0.6748046875,1
L3-C1,er_n12_p0.2_seed1,depol-high,0.0,5.0263671875,5.61328125,0.5869140625,1
L3-C2,er_n12_p0.2_seed1,depol-high,0.01,5.0263671875,5.61328125,0.5869140625,1
L3-C3,er_n12_p0.2_seed1,depol-high,0.05,5.0263671875,5.61328125,0.5869140625,1
L3-C1,er_n12_p0.2_seed1,readout-heavy,0.0,5.0927734375,5.6162109375,0.5234375,1
L3-C2,er_n12_p0.2_seed1,readout-heavy,0.01,5.0927734375,5.6162109375,0.5234375,1
L3-C3,er_n12_p0.2_seed1,readout-heavy,0.05,5.0927734375,5.6162109375,0.5234375,1
L3-C1,er_n12_p0.2_seed1,two-qubit-heavy,0.0,4.96484375,5.609375,0.64453125,1
L3-C2,er_n12_p0.2_seed1,two-qubit-heavy,0.01,4.96484375,5.609375,0.64453125,1
L3-C3,er_n12_p0.2_seed1,two-qubit-heavy,0.05,4.96484375,5.609375,0.64453125,1
L3-C1,er_n12_p0.2_seed2,ideal,0.0,4.060546875,3.85546875,-0.205078125,0
L3-C2,er_n12_p0.2_seed2,ideal,0.01,4.060546875,3.85546875,-0.205078125,0
L3-C3,er_n12_p0.2_seed2,ideal,0.05,4.060546875,3.85546875,-0.205078125,0
L3-C1,er_n12_p0.2_seed2,depol-low,0.0,4.0703125,3.8623046875,-0.2080078125,0
L3-C2,er_n12_p0.2_seed2,depol-low,0.01,4.0703125,3.8623046875,-0.2080078125,0
L3-C3,er_n12_p0.2_seed2,depol-low,0.05,4.0703125,3.8623046875,-0.2080078125,0
L3-C1,er_n12_p0.2_seed2,depol-medium,0.0,4.0927734375,3.9716796875,-0.12109375,0
L3-C2,er_n12_p0.2_seed2,depol-medium,0.01,4.0927734375,3.9716796875,-0.12109375,0
L3-C3,er_n12_p0.2_seed2,depol-medium,0.05,4.0927734375,3.9716796875,-0.12109375,0
L3-C1,er_n12_p0.2_seed2,depol-high,0.0,4.212890625,4.166015625,-0.046875,0
L3-C2,er_n12_p0.2_seed2,depol-high,0.01,4.212890625,4.166015625,-0.046875,0
L3-C3,er_n12_p0.2_seed2,depol-high,0.05,4.212890625,4.166015625,-0.046875,0
L3-C1,er_n12_p0.2_seed2,readout-heavy,0.0,4.2783203125,4.1650390625,-0.11328125,0
L3-C2,er_n12_p0.2_seed2,readout-heavy,0.01,4.2783203125,4.1650390625,-0.11328125,0
L3-C3,er_n12_p0.2_seed2,readout-heavy,0.05,4.2783203125,4.1650390625,-0.11328125,0
L3-C1,er_n12_p0.2_seed2,two-qubit-heavy,0.0,4.1259765625,4.1708984375,0.044921875,1
L3-C2,er_n12_p0.2_seed2,two-qubit-heavy,0.01,4.1259765625,4.1708984375,0.044921875,1
L3-C3,er_n12_p0.2_seed2,two-qubit-heavy,0.05,4.1259765625,4.1708984375,0.044921875,0
L3-C1,er_n12_p0.2_seed3,ideal,0.0,3.57421875,4.5283203125,0.9541015625,1
L3-C2,er_n12_p0.2_seed3,ideal,0.01,3.57421875,4.5283203125,0.9541015625,1
L3-C3,er_n12_p0.2_seed3,ideal,0.05,3.57421875,4.5283203125,0.9541015625,1
L3-C1,er_n12_p0.2_seed3,depol-low,0.0,3.607421875,4.455078125,0.84765625,1
L3-C2,er_n12_p0.2_seed3,depol-low,0.01,3.607421875,4.455078125,0.84765625,1
L3-C3,er_n12_p0.2_seed3,depol-low,0.05,3.607421875,4.455078125,0.84765625,1
L3-C1,er_n12_p0.2_seed3,depol-medium,0.0,3.6455078125,4.451171875,0.8056640625,1
L3-C2,er_n12_p0.2_seed3,depol-medium,0.01,3.6455078125,4.451171875,0.8056640625,1
L3-C3,er_n12_p0.2_seed3,depol-medium,0.05,3.6455078125,4.451171875,0.8056640625,1
L3-C1,er_n12_p0.2_seed3,depol-high,0.0,3.7578125,4.4833984375,0.7255859375,1
L3-C2,er_n12_p0.2_seed3,depol-high,0.01,3.7578125,4.4833984375,0.7255859375,1
L3-C3,er_n12_p0.2_seed3,depol-high,0.05,3.7578125,4.4833984375,0.7255859375,1
L3-C1,er_n12_p0.2_seed3,readout-heavy,0.0,3.81640625,4.486328125,0.669921875,1
L3-C2,er_n12_p0.2_seed3,readout-heavy,0.01,3.81640625,4.486328125,0.669921875,1
L3-C3,er_n12_p0.2_seed3,readout-heavy,0.05,3.81640625,4.486328125,0.669921875,1
L3-C1,er_n12_p0.2_seed3,two-qubit-heavy,0.0,3.6669921875,4.3857421875,0.71875,1
L3-C2,er_n12_p0.2_seed3,two-qubit-heavy,0.01,3.6669921875,4.3857421875,0.71875,1
L3-C3,er_n12_p0.2_seed3,two-qubit-heavy,0.05,3.6669921875,4.3857421875,0.71875,1
L3-C1,er_n12_p0.2_seed4,ideal,0.0,6.02734375,6.521484375,0.494140625,1
L3-C2,er_n12_p0.2_seed4,ideal,0.01,6.02734375,6.521484375,0.494140625,1
L3-C3,er_n12_p0.2_seed4,ideal,0.05,6.02734375,6.521484375,0.494140625,1
L3-C1,er_n12_p0.2_seed4,depol-low,0.0,6.0888671875,6.490234375,0.4013671875,1
L3-C2,er_n12_p0.2_seed4,depol-low,0.01,6.0888671875,6.490234375,0.4013671875,1
L3-C3,er_n12_p0.2_seed4,depol-low,0.05,6.0888671875,6.490234375,0.4013671875,1
L3-C1,er_n12_p0.2_seed4,depol-medium,0.0,6.15625,6.5205078125,0.3642578125,1
L3-C2,er_n12_p0.2_seed4,depol-medium,0.01,6.15625,6.5205078125,0.3642578125,1
L3-C3,er_n12_p0.2_seed4,depol-medium,0.05,6.15625,6.5205078125,0.3642578125,1
L3-C1,er_n12_p0.2_seed4,depol-high,0.0,6.28515625,6.7197265625,0.4345703125,1
L3-C2,er_n12_p0.2_seed4,depol-high,0.01,6.28515625,6.7197265625,0.4345703125,1
L3-C3,er_n12_p0.2_seed4,depol-high,0.05,6.28515625,6.7197265625,0.4345703125,1
L3-C1,er_n12_p0.2_seed4,readout-heavy,0.0,6.333984375,6.6240234375,0.2900390625,1
L3-C2,er_n12_p0.2_seed4,readout-heavy,0.01,6.333984375,6.6240234375,0.2900390625,1
L3-C3,er_n12_p0.2_seed4,readout-heavy,0.05,6.333984375,6.6240234375,0.2900390625,1
L3-C1,er_n12_p0.2_seed4,two-qubit-heavy,0.0,6.1669921875,6.6416015625,0.474609375,1
L3-C2,er_n12_p0.2_seed4,two-qubit-heavy,0.01,6.1669921875,6.6416015625,0.474609375,1
L3-C3,er_n12_p0.2_seed4,two-qubit-heavy,0.05,6.1669921875,6.6416015625,0.474609375,1
L3-C1,er_n12_p0.3_seed0,ideal,0.0,5.3525390625,5.5615234375,0.208984375,1
L3-C2,er_n12_p0.3_seed0,ideal,0.01,5.3525390625,5.5615234375,0.208984375,1
L3-C3,er_n12_p0.3_seed0,ideal,0.05,5.3525390625,5.5615234375,0.208984375,1
L3-C1,er_n12_p0.3_seed0,depol-low,0.0,5.365234375,5.62109375,0.255859375,1
L3-C2,er_n12_p0.3_seed0,depol-low,0.01,5.365234375,5.62109375,0.255859375,1
L3-C3,er_n12_p0.3_seed0,depol-low,0.05,5.365234375,5.62109375,0.255859375,1
L3-C1,er_n12_p0.3_seed0,depol-medium,0.0,5.3984375,5.6162109375,0.2177734375,1
L3-C2,er_n12_p0.3_seed0,depol-medium,0.01,5.3984375,5.6162109375,0.2177734375,1
L3-C3,er_n12_p0.3_seed0,depol-medium,0.05,5.3984375,5.6162109375,0.2177734375,1
L3-C1,er_n12_p0.3_seed0,depol-high,0.0,5.5390625,5.765625,0.2265625,1
L3-C2,er_n12_p0.3_seed0,depol-high,0.01,5.5390625,5.765625,0.2265625,1
L3-C3,er_n12_p0.3_seed0,depol-high,0.05,5.5390625,5.765625,0.2265625,1
L3-C1,er_n12_p0.3_seed0,readout-heavy,0.0,5.5673828125,5.7373046875,0.169921875,1
L3-C2,er_n12_p0.3_seed0,readout-heavy,0.01,5.5673828125,5.7373046875,0.169921875,1
L3-C3,er_n12_p0.3_seed0,readout-heavy,0.05,5.5673828125,5.7373046875,0.169921875,1
L3-C1,er_n12_p0.3_seed0,two-qubit-heavy,0.0,5.4951171875,5.7421875,0.2470703125,1
L3-C2,er_n12_p0.3_seed0,two-qubit-heavy,0.01,5.4951171875,5.7421875,0.2470703125,1
L3-C3,er_n12_p0.3_seed0,two-qubit-heavy,0.05,5.4951171875,5.7421875,0.2470703125,1
L3-C1,er_n12_p0.3_seed1,ideal,0.0,9.9658203125,10.283203125,0.3173828125,1
L3-C2,er_n12_p0.3_seed1,ideal,0.01,9.9658203125,10.283203125,0.3173828125,1
L3-C3,er_n12_p0.3_seed1,ideal,0.05,9.9658203125,10.283203125,0.3173828125,1
L3-C1,er_n12_p0.3_seed1,depol-low,0.0,10.060546875,10.3720703125,0.3115234375,1
L3-C2,er_n12_p0.3_seed1,depol-low,0.01,10.060546875,10.3720703125,0.3115234375,1
L3-C3,er_n12_p0.3_seed1,depol-low,0.05,10.060546875,10.3720703125,0.3115234375,1
L3-C1,er_n12_p0.3_seed1,depol-medium,0.0,10.041015625,10.333984375,0.29296875,1
L3-C2,er_n12_p0.3_seed1,depol-medium,0.01,10.041015625,10.333984375,0.29296875,1
L3-C3,er_n12_p0.3_seed1,depol-medium,0.05,10.041015625,10.333984375,0.29296875,1
L3-C1,er_n12_p0.3_seed1,depol-high,0.0,10.1298828125,10.4111328125,0.28125,1
L3-C2,er_n12_p0.3_seed1,depol-high,0.01,10.1298828125,10.4111328125,0.28125,1
L3-C3,er_n12_p0.3_seed1,depol-high,0.05,10.1298828125,10.4111328125,0.28125,1
L3-C1,er_n12_p0.3_seed1,readout-heavy,0.0,10.1064453125,10.4453125,0.3388671875,1
L3-C2,er_n12_p0.3_seed1,readout-heavy,0.01,10.1064453125,10.4453125,0.3388671875,1
L3-C3,er_n12_p0.3_seed1,readout-heavy,0.05,10.1064453125,10.4453125,0.3388671875,1
L3-C1,er_n12_p0.3_seed1,two-qubit-heavy,0.0,10.12890625,10.3876953125,0.2587890625,1
L3-C2,er_n12_p0.3_seed1,two-qubit-heavy,0.01,10.12890625,10.3876953125,0.2587890625,1
L3-C3,er_n12_p0.3_seed1,two-qubit-heavy,0.05,10.12890625,10.3876953125,0.2587890625,1
L3-C1,er_n12_p0.3_seed2,ideal,0.0,5.490234375,5.2373046875,-0.2529296875,0
L3-C2,er_n12_p0.3_seed2,ideal,0.01,5.490234375,5.2373046875,-0.2529296875,0
L3-C3,er_n12_p0.3_seed2,ideal,0.05,5.490234375,5.2373046875,-0.2529296875,0
L3-C1,er_n12_p0.3_seed2,depol-low,0.0,5.6025390625,5.322265625,-0.2802734375,0
L3-C2,er_n12_p0.3_seed2,depol-low,0.01,5.6025390625,5.322265625,-0.2802734375,0
L3-C3,er_n12_p0.3_seed2,depol-low,0.05,5.6025390625,5.322265625,-0.2802734375,0
L3-C1,er_n12_p0.3_seed2,depol-medium,0.0,5.66015625,5.4267578125,-0.2333984375,0
L3-C2,er_n12_p0.3_seed2,depol-medium,0.01,5.66015625,5.4267578125,-0.2333984375,0
L3-C3,er_n12_p0.3_seed2,depol-medium,0.05,5.66015625,5.4267578125,-0.2333984375,0
L3-C1,er_n12_p0.3_seed2,depol-high,0.0,5.7802734375,5.681640625,-0.0986328125,0
L3-C2,er_n12_p0.3_seed2,depol-high,0.01,5.7802734375,5.681640625,-0.0986328125,0
L3-C3,er_n12_p0.3_seed2,depol-high,0.05,5.7802734375,5.681640625,-0.0986328125,0
L3-C1,er_n12_p0.3_seed2,readout-heavy,0.0,5.8017578125,5.626953125,-0.1748046875,0
L3-C2,er_n12_p0.3_seed2,readout-heavy,0.01,5.8017578125,5.626953125,-0.1748046875,0
L3-C3,er_n12_p0.3_seed2,readout-heavy,0.05,5.8017578125,5.626953125,-0.1748046875,0
L3-C1,er_n12_p0.3_seed2,two-qubit-heavy,0.0,5.7373046875,5.7255859375,-0.01171875,0
L3-C2,er_n12_p0.3_seed2,two-qubit-heavy,0.01,5.7373046875,5.7255859375,-0.01171875,0
L3-C3,er_n12_p0.3_seed2,two-qubit-heavy,0.05,5.7373046875,5.7255859375,-0.01171875,0
L3-C1,er_n12_p0.3_seed3,ideal,0.0,7.15234375,7.1552734375,0.0029296875,1
L3-C2,er_n12_p0.3_seed3,ideal,0.01,7.15234375,7.1552734375,0.0029296875,0
L3-C3,er_n12_p0.3_seed3,ideal,0.05,7.15234375,7.1552734375,0.0029296875,0
L3-C1,er_n12_p0.3_seed3,depol-low,0.0,7.1337890625,7.0244140625,-0.109375,0
L3-C2,er_n12_p0.3_seed3,depol-low,0.01,7.1337890625,7.0244140625,-0.109375,0
L3-C3,er_n12_p0.3_seed3,depol-low,0.05,7.1337890625,7.0244140625,-0.109375,0
L3-C1,er_n12_p0.3_seed3,depol-medium,0.0,7.171875,7.0498046875,-0.1220703125,0
L3-C2,er_n12_p0.3_seed3,depol-medium,0.01,7.171875,7.0498046875,-0.1220703125,0
L3-C3,er_n12_p0.3_seed3,depol-medium,0.05,7.171875,7.0498046875,-0.1220703125,0
L3-C1,er_n12_p0.3_seed3,depol-high,0.0,7.2373046875,7.1083984375,-0.12890625,0
L3-C2,er_n12_p0.3_seed3,depol-high,0.01,7.2373046875,7.1083984375,-0.12890625,0
L3-C3,er_n12_p0.3_seed3,depol-high,0.05,7.2373046875,7.1083984375,-0.12890625,0
L3-C1,er_n12_p0.3_seed3,readout-heavy,0.0,7.1904296875,7.1474609375,-0.04296875,0
L3-C2,er_n12_p0.3_seed3,readout-heavy,0.01,7.1904296875,7.1474609375,-0.04296875,0
L3-C3,er_n12_p0.3_seed3,readout-heavy,0.05,7.1904296875,7.1474609375,-0.04296875,0
L3-C1,er_n12_p0.3_seed3,two-qubit-heavy,0.0,7.1875,7.1259765625,-0.0615234375,0
L3-C2,er_n12_p0.3_seed3,two-qubit-heavy,0.01,7.1875,7.1259765625,-0.0615234375,0
L3-C3,er_n12_p0.3_seed3,two-qubit-heavy,0.05,7.1875,7.1259765625,-0.0615234375,0
L3-C1,er_n12_p0.3_seed4,ideal,0.0,10.05859375,10.23046875,0.171875,1
L3-C2,er_n12_p0.3_seed4,ideal,0.01,10.05859375,10.23046875,0.171875,1
L3-C3,er_n12_p0.3_seed4,ideal,0.05,10.05859375,10.23046875,0.171875,1
L3-C1,er_n12_p0.3_seed4,depol-low,0.0,10.1162109375,10.25390625,0.1376953125,1
L3-C2,er_n12_p0.3_seed4,depol-low,0.01,10.1162109375,10.25390625,0.1376953125,1
L3-C3,er_n12_p0.3_seed4,depol-low,0.05,10.1162109375,10.25390625,0.1376953125,1
L3-C1,er_n12_p0.3_seed4,depol-medium,0.0,10.166015625,10.2900390625,0.1240234375,1
L3-C2,er_n12_p0.3_seed4,depol-medium,0.01,10.166015625,10.2900390625,0.1240234375,1
L3-C3,er_n12_p0.3_seed4,depol-medium,0.05,10.166015625,10.2900390625,0.1240234375,1
L3-C1,er_n12_p0.3_seed4,depol-high,0.0,10.2197265625,10.3701171875,0.150390625,1
L3-C2,er_n12_p0.3_seed4,depol-high,0.01,10.2197265625,10.3701171875,0.150390625,1
L3-C3,er_n12_p0.3_seed4,depol-high,0.05,10.2197265625,10.3701171875,0.150390625,1
L3-C1,er_n12_p0.3_seed4,readout-heavy,0.0,10.2333984375,10.330078125,0.0966796875,1
L3-C2,er_n12_p0.3_seed4,readout-heavy,0.01,10.2333984375,10.330078125,0.0966796875,1
L3-C3,er_n12_p0.3_seed4,readout-heavy,0.05,10.2333984375,10.330078125,0.0966796875,1
L3-C1,er_n12_p0.3_seed4,two-qubit-heavy,0.0,10.2119140625,10.3994140625,0.1875,1
L3-C2,er_n12_p0.3_seed4,two-qubit-heavy,0.01,10.2119140625,10.3994140625,0.1875,1
L3-C3,er_n12_p0.3_seed4,two-qubit-heavy,0.05,10.2119140625,10.3994140625,0.1875,1
L3-C1,er_n12_p0.4_seed0,ideal,0.0,8.0224609375,8.048828125,0.0263671875,1
L3-C2,er_n12_p0.4_seed0,ideal,0.01,8.0224609375,8.048828125,0.0263671875,1
L3-C3,er_n12_p0.4_seed0,ideal,0.05,8.0224609375,8.048828125,0.0263671875,0
L3-C1,er_n12_p0.4_seed0,depol-low,0.0,8.0712890625,8.0576171875,-0.013671875,0
L3-C2,er_n12_p0.4_seed0,depol-low,0.01,8.0712890625,8.0576171875,-0.013671875,0
L3-C3,er_n12_p0.4_seed0,depol-low,0.05,8.0712890625,8.0576171875,-0.013671875,0
L3-C1,er_n12_p0.4_seed0,depol-medium,0.0,8.072265625,8.130859375,0.05859375,1
L3-C2,er_n12_p0.4_seed0,depol-medium,0.01,8.072265625,8.130859375,0.05859375,1
L3-C3,er_n12_p0.4_seed0,depol-medium,0.05,8.072265625,8.130859375,0.05859375,1
L3-C1,er_n12_p0.4_seed0,depol-high,0.0,8.2080078125,8.23828125,0.0302734375,1
L3-C2,er_n12_p0.4_seed0,depol-high,0.01,8.2080078125,8.23828125,0.0302734375,1
L3-C3,er_n12_p0.4_seed0,depol-high,0.05,8.2080078125,8.23828125,0.0302734375,0
L3-C1,er_n12_p0.4_seed0,readout-heavy,0.0,8.2451171875,8.19140625,-0.0537109375,0
L3-C2,er_n12_p0.4_seed0,readout-heavy,0.01,8.2451171875,8.19140625,-0.0537109375,0
L3-C3,er_n12_p0.4_seed0,readout-heavy,0.05,8.2451171875,8.19140625,-0.0537109375,0
L3-C1,er_n12_p0.4_seed0,two-qubit-heavy,0.0,8.15625,8.265625,0.109375,1
L3-C2,er_n12_p0.4_seed0,two-qubit-heavy,0.01,8.15625,8.265625,0.109375,1
L3-C3,er_n12_p0.4_seed0,two-qubit-heavy,0.05,8.15625,8.265625,0.109375,1
L3-C1,er_n12_p0.4_seed1,ideal,0.0,12.6416015625,12.56640625,-0.0751953125,0
L3-C2,er_n12_p0.4_seed1,ideal,0.01,12.6416015625,12.56640625,-0.0751953125,0
L3-C3,er_n12_p0.4_seed1,ideal,0.05,12.6416015625,12.56640625,-0.0751953125,0
L3-C1,er_n12_p0.4_seed1,depol-low,0.0,12.46484375,12.544921875,0.080078125,1
L3-C2,er_n12_p0.4_seed1,depol-low,0.01,12.46484375,12.544921875,0.080078125,1
L3-C3,er_n12_p0.4_seed1,depol-low,0.05,12.46484375,12.544921875,0.080078125,1
L3-C1,er_n12_p0.4_seed1,depol-medium,0.0,12.4853515625,12.546875,0.0615234375,1
L3-C2,er_n12_p0.4_seed1,depol-medium,0.01,12.4853515625,12.546875,0.0615234375,1
L3-C3,er_n12_p0.4_seed1,depol-medium,0.05,12.4853515625,12.546875,0.0615234375,1
L3-C1,er_n12_p0.4_seed1,depol-high,0.0,12.5009765625,12.6396484375,0.138671875,1
L3-C2,er_n12_p0.4_seed1,depol-high,0.01,12.5009765625,12.6396484375,0.138671875,1
L3-C3,er_n12_p0.4_seed1,depol-high,0.05,12.5009765625,12.6396484375,0.138671875,1
L3-C1,er_n12_p0.4_seed1,readout-heavy,0.0,12.48828125,12.6142578125,0.1259765625,1
L3-C2,er_n12_p0.4_seed1,readout-heavy,0.01,12.48828125,12.6142578125,0.1259765625,1
L3-C3,er_n12_p0.4_seed1,readout-heavy,0.05,12.48828125,12.6142578125,0.1259765625,1
L3-C1,er_n12_p0.4_seed1,two-qubit-heavy,0.0,12.4658203125,12.5556640625,0.08984375,1
L3-C2,er_n12_p0.4_seed1,two-qubit-heavy,0.01,12.4658203125,12.5556640625,0.08984375,1
L3-C3,er_n12_p0.4_seed1,two-qubit-heavy,0.05,12.4658203125,12.5556640625,0.08984375,1
L3-C1,er_n12_p0.4_seed2,ideal,0.0,10.5400390625,10.568359375,0.0283203125,1
L3-C2,er_n12_p0.4_seed2,ideal,0.01,10.5400390625,10.568359375,0.0283203125,1
L3-C3,er_n12_p0.4_seed2,ideal,0.05,10.5400390625,10.568359375,0.0283203125,0
L3-C1,er_n12_p0.4_seed2,depol-low,0.0,10.6015625,10.5947265625,-0.0068359375,0
L3-C2,er_n12_p0.4_seed2,depol-low,0.01,10.6015625,10.5947265625,-0.0068359375,0
L3-C3,er_n12_p0.4_seed2,depol-low,0.05,10.6015625,10.5947265625,-0.0068359375,0
L3-C1,er_n12_p0.4_seed2,depol-medium,0.0,10.6083984375,10.5546875,-0.0537109375,0
L3-C2,er_n12_p0.4_seed2,depol-medium,0.01,10.6083984375,10.5546875,-0.0537109375,0
L3-C3,er_n12_p0.4_seed2,depol-medium,0.05,10.6083984375,10.5546875,-0.0537109375,0
L3-C1,er_n12_p0.4_seed2,depol-high,0.0,10.6318359375,10.5947265625,-0.037109375,0
L3-C2,er_n12_p0.4_seed2,depol-high,0.01,10.6318359375,10.5947265625,-0.037109375,0
L3-C3,er_n12_p0.4_seed2,depol-high,0.05,10.6318359375,10.5947265625,-0.037109375,0
L3-C1,er_n12_p0.4_seed2,readout-heavy,0.0,10.5712890625,10.564453125,-0.0068359375,0
L3-C2,er_n12_p0.4_seed2,readout-heavy,0.01,10.5712890625,10.564453125,-0.0068359375,0
L3-C3,er_n12_p0.4_seed2,readout-heavy,0.05,10.5712890625,10.564453125,-0.0068359375,0
L3-C1,er_n12_p0.4_seed2,two-qubit-heavy,0.0,10.6474609375,10.5625,-0.0849609375,0
L3-C2,er_n12_p0.4_seed2,two-qubit-heavy,0.01,10.6474609375,10.5625,-0.0849609375,0
L3-C3,er_n12_p0.4_seed2,two-qubit-heavy,0.05,10.6474609375,10.5625,-0.0849609375,0
L3-C1,er_n12_p0.4_seed3,ideal,0.0,10.4033203125,10.4287109375,0.025390625,1
L3-C2,er_n12_p0.4_seed3,ideal,0.01,10.4033203125,10.4287109375,0.025390625,1
L3-C3,er_n12_p0.4_seed3,ideal,0.05,10.4033203125,10.4287109375,0.025390625,0
L3-C1,er_n12_p0.4_seed3,depol-low,0.0,10.291015625,10.37109375,0.080078125,1
L3-C2,er_n12_p0.4_seed3,depol-low,0.01,10.291015625,10.37109375,0.080078125,1
L3-C3,er_n12_p0.4_seed3,depol-low,0.05,10.291015625,10.37109375,0.080078125,1
L3-C1,er_n12_p0.4_seed3,depol-medium,0.0,10.263671875,10.41796875,0.154296875,1
L3-C2,er_n12_p0.4_seed3,depol-medium,0.01,10.263671875,10.41796875,0.154296875,1
L3-C3,er_n12_p0.4_seed3,depol-medium,0.05,10.263671875,10.41796875,0.154296875,1
L3-C1,er_n12_p0.4_seed3,depol-high,0.0,10.283203125,10.3662109375,0.0830078125,1
L3-C2,er_n12_p0.4_seed3,depol-high,0.01,10.283203125,10.3662109375,0.0830078125,1
L3-C3,er_n12_p0.4_seed3,depol-high,0.05,10.283203125,10.3662109375,0.0830078125,1
L3-C1,er_n12_p0.4_seed3,readout-heavy,0.0,10.2919921875,10.3349609375,0.04296875,1
L3-C2,er_n12_p0.4_seed3,readout-heavy,0.01,10.2919921875,10.3349609375,0.04296875,1
L3-C3,er_n12_p0.4_seed3,readout-heavy,0.05,10.2919921875,10.3349609375,0.04296875,0
L3-C1,er_n12_p0.4_seed3,two-qubit-heavy,0.0,10.279296875,10.388671875,0.109375,1
L3-C2,er_n12_p0.4_seed3,two-qubit-heavy,0.01,10.279296875,10.388671875,0.109375,1
L3-C3,er_n12_p0.4_seed3,two-qubit-heavy,0.05,10.279296875,10.388671875,0.109375,1
L3-C1,er_n12_p0.4_seed4,ideal,0.0,13.904296875,14.03515625,0.130859375,1
L3-C2,er_n12_p0.4_seed4,ideal,0.01,13.904296875,14.03515625,0.130859375,1
L3-C3,er_n12_p0.4_seed4,ideal,0.05,13.904296875,14.03515625,0.130859375,1
L3-C1,er_n12_p0.4_seed4,depol-low,0.0,13.9111328125,14.1611328125,0.25,1
L3-C2,er_n12_p0.4_seed4,depol-low,0.01,13.9111328125,14.1611328125,0.25,1
L3-C3,er_n12_p0.4_seed4,depol-low,0.05,13.9111328125,14.1611328125,0.25,1
L3-C1,er_n12_p0.4_seed4,depol-medium,0.0,13.8623046875,14.1982421875,0.3359375,1
L3-C2,er_n12_p0.4_seed4,depol-medium,0.01,13.8623046875,14.1982421875,0.3359375,1
L3-C3,er_n12_p0.4_seed4,depol-medium,0.05,13.8623046875,14.1982421875,0.3359375,1
L3-C1,er_n12_p0.4_seed4,depol-high,0.0,13.904296875,14.0517578125,0.1474609375,1
L3-C2,er_n12_p0.4_seed4,depol-high,0.01,13.904296875,14.0517578125,0.1474609375,1
L3-C3,er_n12_p0.4_seed4,depol-high,0.05,13.904296875,14.0517578125,0.1474609375,1
L3-C1,er_n12_p0.4_seed4,readout-heavy,0.0,13.9052734375,14.173828125,0.2685546875,1
L3-C2,er_n12_p0.4_seed4,readout-heavy,0.01,13.9052734375,14.173828125,0.2685546875,1
L3-C3,er_n12_p0.4_seed4,readout-heavy,0.05,13.9052734375,14.173828125,0.2685546875,1
L3-C1,er_n12_p0.4_seed4,two-qubit-heavy,0.0,13.8212890625,14.09375,0.2724609375,1
L3-C2,er_n12_p0.4_seed4,two-qubit-heavy,0.01,13.8212890625,14.09375,0.2724609375,1
L3-C3,er_n12_p0.4_seed4,two-qubit-heavy,0.05,13.8212890625,14.09375,0.2724609375,1
